id;content;picture;picture_content_type;created_on;hashtag
1;../fake-data/blob/hipster.txt;../fake-data/blob/hipster.png;image/png;2024-05-02T17:06:46;wilted beyond
2;../fake-data/blob/hipster.txt;../fake-data/blob/hipster.png;image/png;2024-05-02T12:41:59;near petty occurrence
3;../fake-data/blob/hipster.txt;../fake-data/blob/hipster.png;image/png;2024-05-01T22:35:57;because
4;../fake-data/blob/hipster.txt;../fake-data/blob/hipster.png;image/png;2024-05-02T14:42:22;smoothly
5;../fake-data/blob/hipster.txt;../fake-data/blob/hipster.png;image/png;2024-05-02T08:37:54;nicely
6;../fake-data/blob/hipster.txt;../fake-data/blob/hipster.png;image/png;2024-05-01T22:37:59;some
7;../fake-data/blob/hipster.txt;../fake-data/blob/hipster.png;image/png;2024-05-02T04:49:33;inasmuch flag
8;../fake-data/blob/hipster.txt;../fake-data/blob/hipster.png;image/png;2024-05-02T14:41:13;cashier and
9;../fake-data/blob/hipster.txt;../fake-data/blob/hipster.png;image/png;2024-05-01T21:40:10;hopeful bookmark
10;../fake-data/blob/hipster.txt;../fake-data/blob/hipster.png;image/png;2024-05-02T09:44:59;why
